Allard,Roger,satellites,vie,Survol de la Terre,Mars,Jupiter,Saturne,Uranus,Neptune,Lune,Phobos,Europe,Titan,Titania,Triton,Survol de la Terre,Mars,Comete Tchouri,Titan,Uranus,Neptune,Lune,Mars,Callisto,Saturne,Uranus,Neptune
Amiel,Clementine,planetes,libre,Survol de la Terre,Mars,Jupiter,Saturne,Uranus,Pluton,Lune,Deimos,Callisto,Titan,Titania,Triton,Survol de la Terre,Mars,Europe,Encelade,Uranus,Neptune,ISS,Ceres,Jupiter,Encelade,Uranus,Neptune
Amiot,Candice,satellites,libre,Survol de la Terre,Mars,Jupiter,Saturne,Uranus,Pluton,Lune,Deimos,Callisto,Encelade,Oberon,Charon,Survol de la Terre,Mars,Europe,Encelade,Uranus,Neptune,Survol de la Terre,Phobos,Callisto,Titan,Uranus,Neptune
Antunes,Thierry,satellites,libre,Survol de la Terre,Mars,Jupiter,Saturne,Uranus,Pluton,Lune,Deimos,Callisto,Encelade,Titania,Charon,Survol de la Terre,Mars,Comete Tchouri,Encelade,Uranus,Neptune,Survol de la Terre,Mars,Europe,Titan,Uranus,Triton
Arnaud,Chloe,vie,libre,Survol de la Terre,Mars,Jupiter,Saturne,Uranus,Pluton,Lune,Phobos,Callisto,Encelade,Oberon,Triton,Survol de la Terre,Mars,Europe,Encelade,Uranus,Neptune,Survol de la Terre,Mars,Jupiter,Saturne,Uranus,Triton
Auclair,Andre,vie,satellites,Survol de la Terre,Mars,Jupiter,Saturne,Uranus,Pluton,Lune,Phobos,Callisto,Encelade,Titania,Charon,Survol de la Terre,Mars,Comete Tchouri,Encelade,Uranus,Neptune,Survol de la Terre,Deimos,Jupiter,Titan,Uranus,Neptune
Bachelet,Loane,planetes,libre,Survol de la Terre,Mars,Jupiter,Saturne,Uranus,Neptune,Lune,Deimos,Callisto,Titan,Titania,Triton,Survol de la Terre,Mars,Europe,Encelade,Uranus,Neptune,Survol de la Terre,Phobos,Jupiter,Saturne,Uranus,Pluton
Bachelier,Rose,satellites,libre,Survol de la Terre,Mars,Jupiter,Saturne,Uranus,Pluton,Lune,Phobos,Callisto,Titan,Oberon,Triton,Survol de la Terre,Mars,Europe,Encelade,Uranus,Neptune,Lune,Phobos,Callisto,Saturne,Uranus,Pluton
Baudin,Gerard,satellites,libre,Survol de la Terre,Mars,Jupiter,Saturne,Uranus,Neptune,Lune,Deimos,Callisto,Encelade,Oberon,Charon,Survol de la Terre,Mars,Europe,Titan,Uranus,Neptune,Lune,Deimos,Comete Tchouri,Titan,Titania,Pluton
Baudry,Anna,vie,libre,Survol de la Terre,Mars,Jupiter,Saturne,Uranus,Pluton,Lune,Deimos,Callisto,Titan,Titania,Triton,Survol de la Terre,Mars,Comete Tchouri,Titan,Uranus,Neptune,Lune,Mars,Jupiter,Encelade,Oberon,Neptune
Bellanger,Benoit,planetes,satellites,Survol de la Terre,Mars,Jupiter,Saturne,Uranus,Neptune,Lune,Deimos,Callisto,Encelade,Oberon,Triton,Survol de la Terre,Mars,Europe,Encelade,Uranus,Neptune,Lune,Mars,Callisto,Titan,Uranus,Pluton
Belot,Adrien,satellites,libre,Survol de la Terre,Mars,Jupiter,Saturne,Uranus,Pluton,Lune,Phobos,Callisto,Encelade,Titania,Triton,Survol de la Terre,Mars,Comete Tchouri,Titan,Uranus,Neptune,Lune,Mars,Jupiter,Saturne,Oberon,Neptune
Beranger,Emilie,planetes,libre,Survol de la Terre,Mars,Jupiter,Saturne,Uranus,Pluton,Lune,Deimos,Callisto,Titan,Titania,Charon,Survol de la Terre,Mars,Comete Tchouri,Titan,Uranus,Neptune,Survol de la Terre,Mars,Europe,Saturne,Uranus,Neptune
Bianchi,Lana,planetes,satellites,Survol de la Terre,Mars,Jupiter,Saturne,Uranus,Neptune,Lune,Deimos,Europe,Titan,Titania,Triton,Survol de la Terre,Mars,Comete Tchouri,Titan,Uranus,Neptune,ISS,Ceres,Callisto,Titan,Oberon,Pluton
Bisson,Olivier,vie,libre,Survol de la Terre,Mars,Jupiter,Saturne,Uranus,Pluton,Lune,Deimos,Callisto,Titan,Titania,Triton,Survol de la Terre,Mars,Comete Tchouri,Encelade,Uranus,Neptune,Survol de la Terre,Phobos,Comete Tchouri,Titan,Uranus,Neptune
Blanchard,Jean-Pierre,planetes,libre,Survol de la Terre,Mars,Jupiter,Saturne,Uranus,Neptune,Lune,Deimos,Callisto,Titan,Titania,Charon,Survol de la Terre,Mars,Comete Tchouri,Encelade,Uranus,Neptune,ISS,Ceres,Jupiter,Titan,Uranus,Neptune
Blandin,Alexandre,satellites,planetes,Survol de la Terre,Mars,Jupiter,Saturne,Uranus,Neptune,Lune,Phobos,Callisto,Encelade,Oberon,Charon,Survol de la Terre,Mars,Comete Tchouri,Encelade,Uranus,Neptune,Lune,Mars,Europe,Saturne,Titania,Neptune
Boquet,Benoit,satellites,libre,Survol de la Terre,Mars,Jupiter,Saturne,Uranus,Pluton,Lune,Deimos,Callisto,Titan,Titania,Charon,Survol de la Terre,Mars,Europe,Encelade,Uranus,Neptune,Survol de la Terre,Deimos,Europe,Titan,Oberon,Neptune
Boucher,Maelys,vie,libre,Survol de la Terre,Mars,Jupiter,Saturne,Uranus,Pluton,Lune,Deimos,Callisto,Encelade,Oberon,Charon,Survol de la Terre,Mars,Europe,Encelade,Uranus,Neptune,Lune,Phobos,Comete Tchouri,Encelade,Oberon,Neptune
Carles,Marie,vie,satellites,Survol de la Terre,Mars,Jupiter,Saturne,Uranus,Neptune,Lune,Deimos,Callisto,Titan,Oberon,Charon,Survol de la Terre,Mars,Comete Tchouri,Encelade,Uranus,Neptune,Survol de la Terre,Deimos,Europe,Encelade,Uranus,Neptune
Chabaud,Sofia,planetes,libre,Survol de la Terre,Mars,Jupiter,Saturne,Uranus,Pluton,Lune,Deimos,Callisto,Titan,Titania,Charon,Survol de la Terre,Mars,Europe,Encelade,Uranus,Neptune,Survol de la Terre,Phobos,Jupiter,Titan,Oberon,Neptune
Chabot,Amelie,satellites,vie,Survol de la Terre,Mars,Jupiter,Saturne,Uranus,Pluton,Lune,Phobos,Callisto,Titan,Titania,Triton,Survol de la Terre,Mars,Europe,Encelade,Uranus,Neptune,Survol de la Terre,Mars,Comete Tchouri,Titan,Titania,Charon
Cochard,Clementine,planetes,satellites,Survol de la Terre,Mars,Jupiter,Saturne,Uranus,Pluton,Lune,Phobos,Callisto,Titan,Oberon,Triton,Survol de la Terre,Mars,Comete Tchouri,Titan,Uranus,Neptune,Lune,Mars,Europe,Encelade,Uranus,Neptune
Collomb,Frederic,vie,satellites,Survol de la Terre,Mars,Jupiter,Saturne,Uranus,Pluton,Lune,Deimos,Callisto,Encelade,Oberon,Triton,Survol de la Terre,Mars,Europe,Titan,Uranus,Neptune,Survol de la Terre,Phobos,Jupiter,Encelade,Oberon,Neptune
Cottin,Kevin,vie,satellites,Survol de la Terre,Mars,Jupiter,Saturne,Uranus,Pluton,Lune,Phobos,Callisto,Titan,Oberon,Charon,Survol de la Terre,Mars,Europe,Encelade,Uranus,Neptune,Lune,Deimos,Europe,Saturne,Oberon,Neptune
Dacosta,Amelie,satellites,libre,Survol de la Terre,Mars,Jupiter,Saturne,Uranus,Neptune,Lune,Phobos,Callisto,Encelade,Oberon,Charon,Survol de la Terre,Mars,Comete Tchouri,Titan,Uranus,Neptune,Survol de la Terre,Mars,Jupiter,Encelade,Uranus,Neptune
Delacroix,Jerome,satellites,libre,Survol de la Terre,Mars,Jupiter,Saturne,Uranus,Pluton,Lune,Phobos,Callisto,Titan,Titania,Charon,Survol de la Terre,Mars,Europe,Titan,Uranus,Neptune,Lune,Mars,Comete Tchouri,Saturne,Oberon,Neptune
Delage,Clement,planetes,libre,Survol de la Terre,Mars,Jupiter,Saturne,Uranus,Neptune,Lune,Deimos,Callisto,Encelade,Titania,Charon,Survol de la Terre,Mars,Comete Tchouri,Titan,Uranus,Neptune,Survol de la Terre,Deimos,Jupiter,Saturne,Titania,Charon
Delage,Elise,vie,libre,Survol de la Terre,Mars,Jupiter,Saturne,Uranus,Pluton,Lune,Deimos,Callisto,Encelade,Oberon,Charon,Survol de la Terre,Mars,Comete Tchouri,Encelade,Uranus,Neptune,Survol de la Terre,Mars,Callisto,Titan,Oberon,Neptune
Delpech,Joel,planetes,vie,Survol de la Terre,Mars,Jupiter,Saturne,Uranus,Pluton,Lune,Deimos,Callisto,Titan,Oberon,Triton,Survol de la Terre,Mars,Europe,Encelade,Uranus,Neptune,Survol de la Terre,Mars,Jupiter,Titan,Oberon,Charon
Delporte,Anaelle,vie,libre,Survol de la Terre,Mars,Jupiter,Saturne,Uranus,Pluton,Lune,Phobos,Callisto,Encelade,Oberon,Triton,Survol de la Terre,Mars,Comete Tchouri,Encelade,Uranus,Neptune,Lune,Mars,Comete Tchouri,Encelade,Uranus,Neptune
Denys,Andre,planetes,libre,Survol de la Terre,Mars,Jupiter,Saturne,Uranus,Neptune,Lune,Deimos,Callisto,Encelade,Titania,Triton,Survol de la Terre,Mars,Europe,Encelade,Uranus,Neptune,Survol de la Terre,Deimos,Jupiter,Encelade,Oberon,Pluton
Deschamps,Lilou,satellites,libre,Survol de la Terre,Mars,Jupiter,Saturne,Uranus,Neptune,Lune,Phobos,Callisto,Titan,Titania,Charon,Survol de la Terre,Mars,Europe,Encelade,Uranus,Neptune,ISS,Ceres,Jupiter,Encelade,Uranus,Neptune
Dieu,Fabien,planetes,libre,Survol de la Terre,Mars,Jupiter,Saturne,Uranus,Neptune,Lune,Phobos,Callisto,Titan,Oberon,Triton,Survol de la Terre,Mars,Europe,Encelade,Uranus,Neptune,Lune,Mars,Callisto,Encelade,Uranus,Neptune
Duc,Georges,satellites,libre,Survol de la Terre,Mars,Jupiter,Saturne,Uranus,Neptune,Lune,Phobos,Europe,Titan,Oberon,Charon,Survol de la Terre,Mars,Comete Tchouri,Encelade,Uranus,Neptune,Survol de la Terre,Phobos,Callisto,Titan,Uranus,Neptune
Duchesne,Marion,satellites,planetes,Survol de la Terre,Mars,Jupiter,Saturne,Uranus,Pluton,Lune,Deimos,Callisto,Encelade,Titania,Triton,Survol de la Terre,Mars,Europe,Titan,Uranus,Neptune,Lune,Mars,Europe,Saturne,Uranus,Neptune
Dupas,Chloe,satellites,libre,Survol de la Terre,Mars,Jupiter,Saturne,Uranus,Pluton,Lune,Phobos,Callisto,Encelade,Titania,Charon,Survol de la Terre,Mars,Comete Tchouri,Encelade,Uranus,Neptune,ISS,Ceres,Jupiter,Saturne,Oberon,Neptune
Feron,Jean-Marie,planetes,satellites,Survol de la Terre,Mars,Jupiter,Saturne,Uranus,Pluton,Lune,Phobos,Callisto,Encelade,Titania,Triton,Survol de la Terre,Mars,Europe,Titan,Uranus,Neptune,Survol de la Terre,Phobos,Jupiter,Titan,Uranus,Pluton
Fevre,Maxime,satellites,vie,Survol de la Terre,Mars,Jupiter,Saturne,Uranus,Pluton,Lune,Deimos,Europe,Encelade,Oberon,Triton,Survol de la Terre,Mars,Comete Tchouri,Encelade,Uranus,Neptune,Lune,Mars,Jupiter,Encelade,Uranus,Neptune
Fonteneau,Alice,planetes,vie,Survol de la Terre,Mars,Jupiter,Saturne,Uranus,Neptune,Lune,Phobos,Callisto,Titan,Oberon,Triton,Survol de la Terre,Mars,Europe,Encelade,Uranus,Neptune,Survol de la Terre,Phobos,Jupiter,Titan,Uranus,Charon
Francois,Sara,vie,libre,Survol de la Terre,Mars,Jupiter,Saturne,Uranus,Pluton,Lune,Deimos,Callisto,Titan,Titania,Triton,Survol de la Terre,Mars,Comete Tchouri,Titan,Uranus,Neptune,ISS,Ceres,Comete Tchouri,Titan,Uranus,Pluton
Gallot,Henri,vie,libre,Survol de la Terre,Mars,Jupiter,Saturne,Uranus,Pluton,Lune,Deimos,Callisto,Encelade,Oberon,Charon,Survol de la Terre,Mars,Europe,Titan,Uranus,Neptune,Survol de la Terre,Phobos,Jupiter,Saturne,Uranus,Pluton
Garin,Maeva,satellites,libre,Survol de la Terre,Mars,Jupiter,Saturne,Uranus,Pluton,Lune,Phobos,Europe,Titan,Titania,Triton,Survol de la Terre,Mars,Europe,Titan,Uranus,Neptune,Survol de la Terre,Mars,Comete Tchouri,Saturne,Uranus,Triton
Germain,Yannick,vie,libre,Survol de la Terre,Mars,Jupiter,Saturne,Uranus,Pluton,Lune,Deimos,Callisto,Encelade,Oberon,Charon,Survol de la Terre,Mars,Europe,Titan,Uranus,Neptune,ISS,Ceres,Jupiter,Encelade,Uranus,Pluton
Girardot,Yasmine,vie,satellites,Survol de la Terre,Mars,Jupiter,Saturne,Uranus,Neptune,Lune,Deimos,Europe,Encelade,Titania,Charon,Survol de la Terre,Mars,Europe,Titan,Uranus,Neptune,Lune,Phobos,Europe,Saturne,Uranus,Pluton
Godefroy,Dominique,satellites,libre,Survol de la Terre,Mars,Jupiter,Saturne,Uranus,Neptune,Lune,Phobos,Europe,Titan,Oberon,Triton,Survol de la Terre,Mars,Europe,Titan,Uranus,Neptune,Lune,Deimos,Callisto,Encelade,Uranus,Neptune
Goupil,Denis,satellites,vie,Survol de la Terre,Mars,Jupiter,Saturne,Uranus,Pluton,Lune,Phobos,Callisto,Encelade,Oberon,Triton,Survol de la Terre,Mars,Europe,Encelade,Uranus,Neptune,Survol de la Terre,Deimos,Comete Tchouri,Saturne,Oberon,Neptune
Guillemot,Chloe,planetes,libre,Survol de la Terre,Mars,Jupiter,Saturne,Uranus,Pluton,Lune,Deimos,Europe,Titan,Oberon,Triton,Survol de la Terre,Mars,Europe,Titan,Uranus,Neptune,Lune,Deimos,Jupiter,Encelade,Uranus,Neptune
Guinet,Ninon,planetes,libre,Survol de la Terre,Mars,Jupiter,Saturne,Uranus,Pluton,Lune,Deimos,Callisto,Titan,Oberon,Charon,Survol de la Terre,Mars,Comete Tchouri,Titan,Uranus,Neptune,Lune,Mars,Callisto,Titan,Uranus,Neptune
Guth,Anthony,planetes,satellites,Survol de la Terre,Mars,Jupiter,Saturne,Uranus,Pluton,Lune,Phobos,Callisto,Encelade,Oberon,Triton,Survol de la Terre,Mars,Europe,Encelade,Uranus,Neptune,Survol de la Terre,Mars,Europe,Encelade,Oberon,Pluton
Guyot,Yves,satellites,libre,Survol de la Terre,Mars,Jupiter,Saturne,Uranus,Pluton,Lune,Deimos,Callisto,Encelade,Titania,Charon,Survol de la Terre,Mars,Europe,Encelade,Uranus,Neptune,Lune,Mars,Jupiter,Saturne,Uranus,Charon
Hebert,Jean-Francois,satellites,planetes,Survol de la Terre,Mars,Jupiter,Saturne,Uranus,Pluton,Lune,Phobos,Europe,Encelade,Oberon,Charon,Survol de la Terre,Mars,Europe,Encelade,Uranus,Neptune,Lune,Mars,Europe,Saturne,Oberon,Charon
Herve,Solene,planetes,libre,Survol de la Terre,Mars,Jupiter,Saturne,Uranus,Neptune,Lune,Phobos,Europe,Encelade,Titania,Triton,Survol de la Terre,Mars,Europe,Titan,Uranus,Neptune,ISS,Ceres,Jupiter,Titan,Uranus,Neptune
Huynh,Rene,satellites,planetes,Survol de la Terre,Mars,Jupiter,Saturne,Uranus,Neptune,Lune,Deimos,Callisto,Titan,Titania,Triton,Survol de la Terre,Mars,Europe,Titan,Uranus,Neptune,Survol de la Terre,Mars,Comete Tchouri,Encelade,Uranus,Charon
Jacq,Jean-Francois,vie,planetes,Survol de la Terre,Mars,Jupiter,Saturne,Uranus,Neptune,Lune,Phobos,Callisto,Encelade,Oberon,Triton,Survol de la Terre,Mars,Comete Tchouri,Titan,Uranus,Neptune,Survol de la Terre,Phobos,Jupiter,Encelade,Uranus,Neptune
Jeanne,Agathe,vie,libre,Survol de la Terre,Mars,Jupiter,Saturne,Uranus,Pluton,Lune,Phobos,Europe,Encelade,Oberon,Charon,Survol de la Terre,Mars,Europe,Titan,Uranus,Neptune,Lune,Mars,Jupiter,Titan,Titania,Charon
Labat,Sylvain,libre,libre,Survol de la Terre,Mars,Jupiter,Saturne,Uranus,Pluton,Lune,Phobos,Callisto,Titan,Titania,Triton,Survol de la Terre,Mars,Comete Tchouri,Encelade,Uranus,Neptune,ISS,Ceres,Jupiter,Saturne,Oberon,Charon
Lafond,Jonathan,satellites,vie,Survol de la Terre,Mars,Jupiter,Saturne,Uranus,Neptune,Lune,Deimos,Callisto,Encelade,Titania,Charon,Survol de la Terre,Mars,Europe,Encelade,Uranus,Neptune,Survol de la Terre,Deimos,Jupiter,Saturne,Uranus,Triton
Langlais,Jonathan,vie,libre,Survol de la Terre,Mars,Jupiter,Saturne,Uranus,Neptune,Lune,Phobos,Europe,Encelade,Oberon,Charon,Survol de la Terre,Mars,Comete Tchouri,Encelade,Uranus,Neptune,Lune,Mars,Jupiter,Encelade,Titania,Triton
Larue,Alexis,libre,libre,Survol de la Terre,Mars,Jupiter,Saturne,Uranus,Neptune,Lune,Deimos,Callisto,Encelade,Titania,Triton,Survol de la Terre,Mars,Europe,Titan,Uranus,Neptune,Survol de la Terre,Deimos,Jupiter,Saturne,Oberon,Pluton
Laugier,Jean-Claude,planetes,libre,Survol de la Terre,Mars,Jupiter,Saturne,Uranus,Neptune,Lune,Phobos,Callisto,Titan,Titania,Charon,Survol de la Terre,Mars,Comete Tchouri,Titan,Uranus,Neptune,Survol de la Terre,Mars,Jupiter,Titan,Uranus,Neptune
Lecerf,Lana,satellites,planetes,Survol de la Terre,Mars,Jupiter,Saturne,Uranus,Neptune,Lune,Phobos,Callisto,Titan,Titania,Triton,Survol de la Terre,Mars,Europe,Encelade,Uranus,Neptune,ISS,Ceres,Jupiter,Encelade,Uranus,Neptune
Leclere,Marie,planetes,vie,Survol de la Terre,Mars,Jupiter,Saturne,Uranus,Neptune,Lune,Phobos,Callisto,Titan,Oberon,Triton,Survol de la Terre,Mars,Comete Tchouri,Titan,Uranus,Neptune,Survol de la Terre,Mars,Comete Tchouri,Saturne,Oberon,Neptune
Lecoeur,Lucie,planetes,libre,Survol de la Terre,Mars,Jupiter,Saturne,Uranus,Neptune,Lune,Deimos,Callisto,Titan,Oberon,Charon,Survol de la Terre,Mars,Comete Tchouri,Titan,Uranus,Neptune,Survol de la Terre,Mars,Comete Tchouri,Saturne,Titania,Neptune
Lecuyer,Joseph,vie,planetes,Survol de la Terre,Mars,Jupiter,Saturne,Uranus,Pluton,Lune,Deimos,Europe,Titan,Oberon,Triton,Survol de la Terre,Mars,Europe,Titan,Uranus,Neptune,Lune,Mars,Europe,Encelade,Uranus,Neptune
Legros,Nicolas,planetes,vie,Survol de la Terre,Mars,Jupiter,Saturne,Uranus,Pluton,Lune,Deimos,Callisto,Encelade,Oberon,Triton,Survol de la Terre,Mars,Comete Tchouri,Encelade,Uranus,Neptune,Lune,Mars,Comete Tchouri,Saturne,Titania,Pluton
Lemoine,Laura,planetes,libre,Survol de la Terre,Mars,Jupiter,Saturne,Uranus,Neptune,Lune,Deimos,Callisto,Titan,Oberon,Triton,Survol de la Terre,Mars,Comete Tchouri,Encelade,Uranus,Neptune,ISS,Ceres,Callisto,Encelade,Uranus,Charon
Leonard,Maurice,planetes,libre,Survol de la Terre,Mars,Jupiter,Saturne,Uranus,Pluton,Lune,Deimos,Callisto,Encelade,Titania,Charon,Survol de la Terre,Mars,Comete Tchouri,Titan,Uranus,Neptune,Survol de la Terre,Mars,Callisto,Saturne,Oberon,Triton
Lesueur,Jean-Marie,vie,libre,Survol de la Terre,Mars,Jupiter,Saturne,Uranus,Neptune,Lune,Deimos,Callisto,Encelade,Oberon,Triton,Survol de la Terre,Mars,Europe,Encelade,Uranus,Neptune,Survol de la Terre,Mars,Comete Tchouri,Encelade,Uranus,Pluton
Levy,Emilie,satellites,libre,Survol de la Terre,Mars,Jupiter,Saturne,Uranus,Neptune,Lune,Phobos,Callisto,Encelade,Oberon,Triton,Survol de la Terre,Mars,Europe,Encelade,Uranus,Neptune,Survol de la Terre,Mars,Jupiter,Saturne,Uranus,Charon
Luc,Jean-Francois,planetes,satellites,Survol de la Terre,Mars,Jupiter,Saturne,Uranus,Neptune,Lune,Phobos,Callisto,Encelade,Titania,Charon,Survol de la Terre,Mars,Europe,Titan,Uranus,Neptune,ISS,Ceres,Jupiter,Encelade,Uranus,Neptune
Magne,Laurine,satellites,libre,Survol de la Terre,Mars,Jupiter,Saturne,Uranus,Neptune,Lune,Deimos,Callisto,Encelade,Titania,Charon,Survol de la Terre,Mars,Europe,Titan,Uranus,Neptune,ISS,Ceres,Europe,Encelade,Uranus,Neptune
Magne,Margot,satellites,libre,Survol de la Terre,Mars,Jupiter,Saturne,Uranus,Neptune,Lune,Phobos,Callisto,Titan,Titania,Charon,Survol de la Terre,Mars,Europe,Encelade,Uranus,Neptune,Lune,Mars,Callisto,Saturne,Uranus,Pluton
Maire,Rene,vie,libre,Survol de la Terre,Mars,Jupiter,Saturne,Uranus,Pluton,Lune,Phobos,Callisto,Encelade,Oberon,Triton,Survol de la Terre,Mars,Europe,Titan,Uranus,Neptune,Survol de la Terre,Phobos,Jupiter,Titan,Uranus,Pluton
Marque,Lena,satellites,libre,Survol de la Terre,Mars,Jupiter,Saturne,Uranus,Neptune,Lune,Deimos,Callisto,Titan,Titania,Charon,Survol de la Terre,Mars,Comete Tchouri,Encelade,Uranus,Neptune,Survol de la Terre,Mars,Comete Tchouri,Saturne,Oberon,Neptune
Mattei,Patrick,libre,libre,Survol de la Terre,Mars,Jupiter,Saturne,Uranus,Neptune,Lune,Deimos,Europe,Titan,Oberon,Charon,Survol de la Terre,Mars,Europe,Titan,Uranus,Neptune,Survol de la Terre,Deimos,Callisto,Encelade,Uranus,Neptune
Mazoyer,Sara,satellites,vie,Survol de la Terre,Mars,Jupiter,Saturne,Uranus,Pluton,Lune,Deimos,Callisto,Titan,Titania,Charon,Survol de la Terre,Mars,Comete Tchouri,Titan,Uranus,Neptune,Lune,Mars,Jupiter,Titan,Oberon,Pluton
Messager,Francis,satellites,planetes,Survol de la Terre,Mars,Jupiter,Saturne,Uranus,Pluton,Lune,Deimos,Callisto,Titan,Titania,Triton,Survol de la Terre,Mars,Europe,Titan,Uranus,Neptune,Survol de la Terre,Mars,Europe,Encelade,Uranus,Neptune
Milon,Alexia,libre,libre,Survol de la Terre,Mars,Jupiter,Saturne,Uranus,Neptune,Lune,Deimos,Callisto,Titan,Oberon,Triton,Survol de la Terre,Mars,Europe,Encelade,Uranus,Neptune,Survol de la Terre,Mars,Comete Tchouri,Encelade,Uranus,Neptune
Minier,Clementine,planetes,libre,Survol de la Terre,Mars,Jupiter,Saturne,Uranus,Pluton,Lune,Phobos,Callisto,Titan,Oberon,Charon,Survol de la Terre,Mars,Comete Tchouri,Titan,Uranus,Neptune,Lune,Mars,Jupiter,Titan,Uranus,Neptune
Mo,Laurine,planetes,libre,Survol de la Terre,Mars,Jupiter,Saturne,Uranus,Neptune,Lune,Deimos,Callisto,Titan,Titania,Charon,Survol de la Terre,Mars,Europe,Encelade,Uranus,Neptune,Survol de la Terre,Mars,Jupiter,Titan,Uranus,Neptune
Monin,Guy,satellites,libre,Survol de la Terre,Mars,Jupiter,Saturne,Uranus,Neptune,Lune,Phobos,Callisto,Encelade,Oberon,Triton,Survol de la Terre,Mars,Europe,Encelade,Uranus,Neptune,ISS,Ceres,Jupiter,Titan,Titania,Pluton
Motte,Ines,planetes,libre,Survol de la Terre,Mars,Jupiter,Saturne,Uranus,Neptune,Lune,Phobos,Callisto,Encelade,Titania,Charon,Survol de la Terre,Mars,Comete Tchouri,Encelade,Uranus,Neptune,Lune,Mars,Jupiter,Saturne,Uranus,Charon
Mounier,Georges,planetes,libre,Survol de la Terre,Mars,Jupiter,Saturne,Uranus,Neptune,Lune,Deimos,Callisto,Titan,Oberon,Triton,Survol de la Terre,Mars,Europe,Titan,Uranus,Neptune,ISS,Ceres,Comete Tchouri,Saturne,Uranus,Triton
Nivet,Anna,vie,satellites,Survol de la Terre,Mars,Jupiter,Saturne,Uranus,Pluton,Lune,Deimos,Callisto,Titan,Oberon,Triton,Survol de la Terre,Mars,Comete Tchouri,Encelade,Uranus,Neptune,Survol de la Terre,Mars,Europe,Titan,Oberon,Neptune
Ortiz,Maeva,vie,satellites,Survol de la Terre,Mars,Jupiter,Saturne,Uranus,Pluton,Lune,Deimos,Callisto,Titan,Titania,Triton,Survol de la Terre,Mars,Comete Tchouri,Titan,Uranus,Neptune,Survol de la Terre,Mars,Jupiter,Titan,Uranus,Neptune
Page,Xavier,planetes,satellites,Survol de la Terre,Mars,Jupiter,Saturne,Uranus,Pluton,Lune,Deimos,Callisto,Encelade,Oberon,Triton,Survol de la Terre,Mars,Europe,Titan,Uranus,Neptune,Survol de la Terre,Mars,Callisto,Encelade,Uranus,Neptune
Paillard,Claire,vie,libre,Survol de la Terre,Mars,Jupiter,Saturne,Uranus,Pluton,Lune,Phobos,Callisto,Encelade,Titania,Charon,Survol de la Terre,Mars,Comete Tchouri,Titan,Uranus,Neptune,Survol de la Terre,Phobos,Callisto,Encelade,Uranus,Pluton
Paulin,Chloe,planetes,libre,Survol de la Terre,Mars,Jupiter,Saturne,Uranus,Neptune,Lune,Phobos,Europe,Encelade,Oberon,Triton,Survol de la Terre,Mars,Comete Tchouri,Titan,Uranus,Neptune,Survol de la Terre,Phobos,Callisto,Titan,Uranus,Neptune
Perrault,Marion,libre,libre,Survol de la Terre,Mars,Jupiter,Saturne,Uranus,Pluton,Lune,Phobos,Europe,Encelade,Titania,Charon,Survol de la Terre,Mars,Comete Tchouri,Encelade,Uranus,Neptune,Lune,Mars,Europe,Titan,Uranus,Pluton
Pichard,Olivia,satellites,libre,Survol de la Terre,Mars,Jupiter,Saturne,Uranus,Pluton,Lune,Deimos,Callisto,Titan,Oberon,Triton,Survol de la Terre,Mars,Comete Tchouri,Encelade,Uranus,Neptune,ISS,Ceres,Europe,Encelade,Uranus,Neptune
Piot,Lily,vie,planetes,Survol de la Terre,Mars,Jupiter,Saturne,Uranus,Pluton,Lune,Deimos,Callisto,Titan,Titania,Triton,Survol de la Terre,Mars,Comete Tchouri,Encelade,Uranus,Neptune,Survol de la Terre,Mars,Jupiter,Encelade,Uranus,Triton
Piquet,Justine,vie,planetes,Survol de la Terre,Mars,Jupiter,Saturne,Uranus,Neptune,Lune,Phobos,Callisto,Encelade,Titania,Triton,Survol de la Terre,Mars,Comete Tchouri,Encelade,Uranus,Neptune,Survol de la Terre,Mars,Callisto,Titan,Uranus,Triton
Polo,Anthony,satellites,planetes,Survol de la Terre,Mars,Jupiter,Saturne,Uranus,Pluton,Lune,Deimos,Callisto,Encelade,Titania,Charon,Survol de la Terre,Mars,Comete Tchouri,Titan,Uranus,Neptune,Survol de la Terre,Mars,Comete Tchouri,Encelade,Uranus,Neptune
Pommier,Alexia,vie,libre,Survol de la Terre,Mars,Jupiter,Saturne,Uranus,Pluton,Lune,Deimos,Callisto,Encelade,Oberon,Triton,Survol de la Terre,Mars,Comete Tchouri,Encelade,Uranus,Neptune,ISS,Ceres,Europe,Titan,Titania,Pluton
Pottier,Maeva,planetes,libre,Survol de la Terre,Mars,Jupiter,Saturne,Uranus,Pluton,Lune,Phobos,Europe,Encelade,Titania,Triton,Survol de la Terre,Mars,Comete Tchouri,Titan,Uranus,Neptune,ISS,Ceres,Callisto,Titan,Uranus,Triton
Prudhomme,Chloe,planetes,satellites,Survol de la Terre,Mars,Jupiter,Saturne,Uranus,Pluton,Lune,Deimos,Callisto,Titan,Titania,Charon,Survol de la Terre,Mars,Comete Tchouri,Encelade,Uranus,Neptune,Survol de la Terre,Mars,Jupiter,Saturne,Titania,Triton
Rabier,Lucie,vie,satellites,Survol de la Terre,Mars,Jupiter,Saturne,Uranus,Pluton,Lune,Deimos,Callisto,Encelade,Titania,Triton,Survol de la Terre,Mars,Europe,Encelade,Uranus,Neptune,ISS,Ceres,Comete Tchouri,Saturne,Titania,Neptune
Ranc,David,planetes,libre,Survol de la Terre,Mars,Jupiter,Saturne,Uranus,Neptune,Lune,Phobos,Callisto,Encelade,Oberon,Charon,Survol de la Terre,Mars,Europe,Titan,Uranus,Neptune,Survol de la Terre,Deimos,Jupiter,Titan,Titania,Charon
Raymond,Lionel,vie,planetes,Survol de la Terre,Mars,Jupiter,Saturne,Uranus,Neptune,Lune,Deimos,Callisto,Titan,Oberon,Charon,Survol de la Terre,Mars,Comete Tchouri,Encelade,Uranus,Neptune,Lune,Mars,Jupiter,Encelade,Uranus,Pluton
Rieu,Olivier,satellites,libre,Survol de la Terre,Mars,Jupiter,Saturne,Uranus,Neptune,Lune,Phobos,Europe,Titan,Oberon,Triton,Survol de la Terre,Mars,Comete Tchouri,Encelade,Uranus,Neptune,Lune,Phobos,Callisto,Saturne,Titania,Triton
Rigaud,Julie,vie,libre,Survol de la Terre,Mars,Jupiter,Saturne,Uranus,Pluton,Lune,Deimos,Europe,Titan,Oberon,Triton,Survol de la Terre,Mars,Comete Tchouri,Encelade,Uranus,Neptune,Lune,Mars,Comete Tchouri,Titan,Titania,Charon
Roques,Sarah,satellites,libre,Survol de la Terre,Mars,Jupiter,Saturne,Uranus,Neptune,Lune,Phobos,Europe,Titan,Oberon,Triton,Survol de la Terre,Mars,Comete Tchouri,Titan,Uranus,Neptune,ISS,Ceres,Jupiter,Titan,Uranus,Neptune
Rouxel,Elisa,satellites,libre,Survol de la Terre,Mars,Jupiter,Saturne,Uranus,Neptune,Lune,Phobos,Callisto,Encelade,Oberon,Charon,Survol de la Terre,Mars,Europe,Titan,Uranus,Neptune,Lune,Mars,Comete Tchouri,Titan,Titania,Neptune
Rouxel,Roger,planetes,vie,Survol de la Terre,Mars,Jupiter,Saturne,Uranus,Pluton,Lune,Phobos,Callisto,Titan,Titania,Charon,Survol de la Terre,Mars,Comete Tchouri,Titan,Uranus,Neptune,Lune,Phobos,Europe,Encelade,Uranus,Neptune
Rouyer,Myriam,satellites,planetes,Survol de la Terre,Mars,Jupiter,Saturne,Uranus,Neptune,Lune,Phobos,Callisto,Titan,Titania,Charon,Survol de la Terre,Mars,Comete Tchouri,Encelade,Uranus,Neptune,ISS,Ceres,Jupiter,Saturne,Oberon,Pluton
Roy,Amelie,vie,libre,Survol de la Terre,Mars,Jupiter,Saturne,Uranus,Pluton,Lune,Deimos,Callisto,Encelade,Titania,Charon,Survol de la Terre,Mars,Comete Tchouri,Encelade,Uranus,Neptune,Survol de la Terre,Deimos,Jupiter,Encelade,Oberon,Charon
Salles,Jean-Paul,vie,planetes,Survol de la Terre,Mars,Jupiter,Saturne,Uranus,Neptune,Lune,Phobos,Europe,Titan,Titania,Charon,Survol de la Terre,Mars,Comete Tchouri,Encelade,Uranus,Neptune,ISS,Ceres,Callisto,Titan,Uranus,Triton
Salles,Lionel,vie,planetes,Survol de la Terre,Mars,Jupiter,Saturne,Uranus,Neptune,Lune,Deimos,Callisto,Titan,Oberon,Charon,Survol de la Terre,Mars,Europe,Encelade,Uranus,Neptune,Lune,Mars,Jupiter,Saturne,Uranus,Neptune
Sanz,Lou,vie,libre,Survol de la Terre,Mars,Jupiter,Saturne,Uranus,Neptune,Lune,Phobos,Europe,Titan,Titania,Triton,Survol de la Terre,Mars,Comete Tchouri,Encelade,Uranus,Neptune,Survol de la Terre,Mars,Jupiter,Saturne,Uranus,Pluton
Simonet,Clemence,satellites,vie,Survol de la Terre,Mars,Jupiter,Saturne,Uranus,Neptune,Lune,Deimos,Callisto,Encelade,Oberon,Charon,Survol de la Terre,Mars,Comete Tchouri,Titan,Uranus,Neptune,Survol de la Terre,Mars,Europe,Titan,Uranus,Charon
Soulie,Dominique,satellites,vie,Survol de la Terre,Mars,Jupiter,Saturne,Uranus,Neptune,Lune,Deimos,Callisto,Titan,Titania,Triton,Survol de la Terre,Mars,Europe,Encelade,Uranus,Neptune,Lune,Phobos,Jupiter,Encelade,Titania,Pluton
Thiebaut,Denis,satellites,planetes,Survol de la Terre,Mars,Jupiter,Saturne,Uranus,Neptune,Lune,Deimos,Callisto,Encelade,Titania,Triton,Survol de la Terre,Mars,Europe,Encelade,Uranus,Neptune,Survol de la Terre,Mars,Comete Tchouri,Saturne,Uranus,Neptune
Thomassin,Olivier,vie,libre,Survol de la Terre,Mars,Jupiter,Saturne,Uranus,Pluton,Lune,Deimos,Callisto,Encelade,Oberon,Triton,Survol de la Terre,Mars,Europe,Titan,Uranus,Neptune,Lune,Mars,Jupiter,Encelade,Titania,Charon
Torres,Albert,libre,libre,Survol de la Terre,Mars,Jupiter,Saturne,Uranus,Pluton,Lune,Phobos,Callisto,Encelade,Titania,Charon,Survol de la Terre,Mars,Comete Tchouri,Encelade,Uranus,Neptune,Lune,Mars,Jupiter,Titan,Uranus,Neptune
Vernay,Jean-Pierre,satellites,vie,Survol de la Terre,Mars,Jupiter,Saturne,Uranus,Pluton,Lune,Deimos,Europe,Titan,Titania,Charon,Survol de la Terre,Mars,Europe,Encelade,Uranus,Neptune,ISS,Ceres,Jupiter,Titan,Oberon,Neptune
Veron,Jerome,planetes,satellites,Survol de la Terre,Mars,Jupiter,Saturne,Uranus,Neptune,Lune,Deimos,Europe,Encelade,Oberon,Charon,Survol de la Terre,Mars,Comete Tchouri,Encelade,Uranus,Neptune,Lune,Mars,Jupiter,Encelade,Uranus,Neptune
Viaud,Joel,vie,planetes,Survol de la Terre,Mars,Jupiter,Saturne,Uranus,Neptune,Lune,Phobos,Callisto,Encelade,Oberon,Triton,Survol de la Terre,Mars,Europe,Titan,Uranus,Neptune,ISS,Ceres,Europe,Encelade,Titania,Triton
Vidal,Benjamin,planetes,libre,Survol de la Terre,Mars,Jupiter,Saturne,Uranus,Pluton,Lune,Phobos,Europe,Titan,Oberon,Triton,Survol de la Terre,Mars,Europe,Titan,Uranus,Neptune,Lune,Mars,Europe,Saturne,Oberon,Triton
Vigier,Amelie,planetes,libre,Survol de la Terre,Mars,Jupiter,Saturne,Uranus,Neptune,Lune,Phobos,Callisto,Encelade,Oberon,Charon,Survol de la Terre,Mars,Europe,Encelade,Uranus,Neptune,Lune,Phobos,Jupiter,Saturne,Oberon,Neptune
